{
  "weights": {
    "air_quality": 0.40047452986228105,
    "water_quality": 0.2438159085097841,
    "thermal_stress": 0.15986008971740095,
    "green_cover": 0.09067913688288762,
    "socioeconomic": 0.10517033502764628
  },
  "lambda_max": 5.065987160239092,
  "CI": 0.016496790059773003,
  "CR": 0.014729276839083037,
  "consistent": true
}